股票代码,预测收益率前25%,预测收益率不是前25%,实际收益率,,
index,top_ratio_code,tail_ratio_code,profit,错分数：185 +8 = 193,
2,1,0,0.283674551,正确率：,0.866158114
63,1,0,0.346448313,,
333,1,0,0.256489753,,
418,1,0,0.418266624,,
513,1,0,0.320911227,,
596,1,0,0.175318095,,
651,1,0,0.24066934,,
799,1,0,-0.063752497,,
830,1,0,0.965951274,,
2061,1,0,0.170467102,,
2188,1,0,-0.69117367,,
2405,1,0,0.027830992,,
2410,1,0,0.192482874,,
2840,1,0,0.460708424,,
300009,1,0,0.437096988,,
300176,1,0,0.680427739,,
300298,1,0,0.093435291,,
300308,1,0,0.583290577,,
300357,1,0,0.332209049,,
300567,1,0,0.381667958,,
300584,1,0,0.43786417,,
300601,1,0,0.58783398,,
300607,1,0,0.062702568,,
300618,1,0,0.892245026,,
300633,1,0,0.20737705,,
300639,1,0,0.213765964,,
600036,1,0,0.153846012,,
600062,1,0,0.110156652,,
600196,1,0,0.282141519,,
600201,1,0,0.103450301,,
600436,1,0,0.422445329,,
600566,1,0,0.225786323,,
600600,1,0,0.314276364,,
600695,1,0,0.345040983,,
600702,1,0,0.150475517,,
600703,1,0,0.078133817,,
600754,1,0,0.185280369,,
600801,1,0,0.101189723,,
600809,1,0,0.236488855,,
601088,1,0,0.006826519,,
601225,1,0,0.032064803,,
601398,1,0,0.101453413,,
601939,1,0,0.169165319,,
603288,1,0,0.344186428,,
603589,1,0,0.073266979,,
603799,1,0,0.367849772,,
603638,0.99,0,0.183494289,,
603369,0.98,0,0.14021645,,
2035,0.97,0,0.157571284,,
300396,0.97,0,0.127929878,,
300600,0.96,0,-0.179693245,,
2773,0.95,0,0.006491933,,
2838,0.93,0,0.159499657,,
600516,0.93,0,0.060469933,,
600521,0.92,0,0.387743018,,
603881,0.92,0,-0.133783669,,
603939,0.91,0,0.432618977,,
2019,0.9,0,0.013235828,,
600887,0.9,0,0.241182226,,
601155,0.88,0,0.853781253,,
603337,0.88,0,0.241174068,,
601318,0.87,0,0.204320031,,
2222,0.86,0,-0.013725513,,
2812,0.86,0,0.003809523,,
2179,0.85,0,0.096888577,,
2677,0.85,0,0.146023739,,
601100,0.84,0,0.569752328,,
603360,0.84,0,-0.208819889,,
408,0.83,0,0.047333543,,
2271,0.83,0,0.079746879,,
2415,0.83,0,0.222309795,,
2440,0.83,0,0.184618285,,
300137,0.82,0,-0.184130157,,
600507,0.82,0,0.231075841,,
600816,0.79,0,-0.100631065,,
601877,0.79,0,0.211743496,,
603993,0.77,0,0.1430986,,
2439,0.76,0,0.11187817,,
300587,0.76,0,-0.146348596,,
600176,0.74,0,0.390924291,,
910,0.73,0,-0.03890272,,
600486,0.72,0,0.254463822,,
2320,0.69,0,0.458932048,,
300347,0.69,0,0.583678656,,
603037,0.69,0,-0.212950938,,
300401,0.68,0,0.201832507,,
600622,0.68,0,-0.188882661,,
601233,0.68,0,0.551802188,,
1979,0.67,0,0.185880437,,
300124,0.67,0,0.14626326,,
600048,0.66,0,0.38007595,,
603660,0.66,0,-0.085735561,,
725,0.65,0,0.213322399,,
300316,0.65,0,0.339832148,,
600848,0.65,0,-0.03751437,,
603929,0.64,0,0.02212506,,
2626,0.63,0,0.218972322,,
300408,0.62,0,0.023750347,,
300474,0.62,0,0.221492546,,
2195,0.61,0,-0.138357606,,
603579,0.61,0,0.171417822,,
895,0.6,0,0.154641334,,
2543,0.6,0,0.070217056,,
998,0.58,0,-0.011795599,,
603900,0.58,0,0.164560529,,
600004,0.57,0,0.162703054,,
2601,0.56,0,-0.023084336,,
2648,0.56,0,-0.016443858,,
600835,0.54,0,0.061187807,,
2020,0.51,0,-0.052379356,,
429,0.49,0,-0.048543594,,
2230,0.49,0,0.083760938,,
2745,0.49,0,-0.007528074,,
603630,0.49,0,-0.211317018,,
2737,0.48,0,0.233581171,,
600085,0.48,0,0.070474249,,
600460,0.46,0,0.774039749,,
938,0.45,0,0.14082149,,
2371,0.45,0,0.392703721,,
2396,0.44,0,0.059019977,,
300619,0.44,0,-0.218080457,,
603599,0.44,0,-0.003043145,,
300377,0.43,0,0.11450704,,
603078,0.43,0,-0.146385379,,
2262,0.42,0,0.089613057,,
300395,0.42,0,-0.074946328,,
300296,0.41,0,0.117619455,,
600323,0.41,0,-0.001169127,,
603517,0.41,0,0.116511326,,
603658,0.41,0,0.184409195,,
402,0.4,0,-0.129911933,,
600055,0.4,0,0.040547469,,
300572,0.39,0,0.453631916,,
732,0.38,0,0.702015711,,
2128,0.37,0,-0.219383482,,
2332,0.37,0,0.015404429,,
2570,0.37,0,-0.521444161,,
601336,0.37,0,-0.138401935,,
300409,0.36,0,0.134418141,,
600886,0.36,0,-0.063345565,,
601009,0.36,0,0.084884189,,
603989,0.36,0,-0.001689611,,
2050,0.35,0,0.107475975,,
2293,0.35,0,0.294534679,,
2310,0.35,0,-0.022202335,,
603377,0.35,0,0.118367867,,
2153,0.34,0,0.126890809,,
338,0.33,0,0.155372848,,
600588,0.33,0,0.495001772,,
2233,0.32,0,-0.109914648,,
2049,0.31,0,0.492575951,,
2573,0.31,0,-0.189239516,,
601211,0.31,0,-0.123603678,,
300415,0.3,0,-0.030344618,,
921,0.29,0,-0.120764353,,
600993,0.29,0,-0.09271661,,
601636,0.29,0,0.233186177,,
2078,0.28,0,0.264628541,,
600056,0.28,0,-0.091516174,,
600295,0.28,0,-0.170086378,,
300251,0.25,0,0.268619015,,
600104,0.25,0,0.103036906,,
603578,0.24,0,-0.264448397,,
603877,0.23,0,0.094472041,,
2709,0.22,0,-0.038130571,,
2842,0.21,0,-0.141604121,,
2244,0.19,0,0.060591784,,
2862,0.19,0,-0.136306225,,
300014,0.19,0,-0.214431123,,
600350,0.18,0,-0.061125121,,
600383,0.18,0,0.070385487,,
2727,0.17,0,0.301767268,,
601588,0.17,0,-0.215933583,,
603899,0.17,0,0.413176096,,
300388,0.16,0,0.072509386,,
600477,0.16,0,-0.246366437,,
603089,0.16,0,-0.31030415,,
603688,0.16,0,0.022631224,,
300072,0.15,0,-0.020249906,,
600498,0.15,0,-0.030092415,,
600668,0.15,0,-0.164335911,,
603355,0.15,0,-0.307547412,,
825,0.14,0,0.164646029,,
2025,0.14,0,0.124762844,,
2120,0.14,0,0.045583787,,
2768,0.13,0,0.102851908,,
600720,0.11,0,-0.014669561,,
601985,0.11,0,-0.089969943,,
601111,0.1,0,0.31009927,,
603615,0.1,0,-0.257840159,,
2419,0.09,0,0.314118083,,
2581,0.08,0,-0.232611266,,
2449,0.06,0,-0.066692795,,
603668,0.05,0,-0.252944195,,
2092,0.04,0,-0.155717411,,
2048,0.03,0,-0.172547362,,
2223,0.03,0,0.038241319,,
90,0.02,0,-0.138810071,,
2635,0.02,0,-0.44160489,,
601666,0.01,0,-0.127802739,,
603005,0.01,0,0.002692103,,
426,0,0,-0.035736153,,
507,0,0,-0.109204528,,
528,0,0,0.056406547,,
717,0,0,0.034363771,,
983,0,0,-0.123032514,,
2024,0,0,0.083198024,,
2045,0,0,-0.224929933,,
2068,0,0,-0.154251406,,
600029,0,0,0.257184018,,
600171,0,0,0.11527733,,
600231,0,0,-0.122826495,,
600282,0,0,-0.035272802,,
600346,0,0,0.651201693,,
600362,0,0,0.00240166,,
600567,0,0,-0.011024361,,
600569,0,0,0.07784867,,
600596,0,0,0.33258547,,
600708,0,0,-0.004425023,,
600711,0,0,0.182088578,,
601003,0,0,0.382609019,,
915,0.34,0.01,-0.236209492,,
300463,0.14,0.01,-0.027593276,,
600308,0,0.01,-0.081874859,,
600348,0,0.01,-0.019192372,,
776,0.26,0.02,-0.077163212,,
2028,0.12,0.02,0.034938179,,
603959,0.18,0.03,0.272800752,,
2557,0.02,0.03,0.087070616,,
2334,0,0.03,-0.047760343,,
2313,0,0.04,0.195239866,,
300130,0,0.04,0.22455384,,
300599,0,0.04,-0.210500484,,
600333,0,0.04,-0.103910296,,
600845,0,0.04,0.451128816,,
601678,0,0.04,0.077898933,,
300216,0.58,0.05,-0.52711442,,
932,1,0.06,0.208438829,,
988,0,0.06,-0.046171528,,
300338,0,0.06,-0.129629902,,
600138,0,0.06,0.080476138,,
300258,0.04,0.07,-0.102691964,,
600270,0,0.07,0.051700269,,
600020,0,0.08,-0.12410568,,
600141,0,0.08,-0.047105471,,
600271,0,0.08,0.169786802,,
600338,0.27,0.09,-0.237088719,,
40,0,0.09,-0.110916417,,
818,0,0.09,0.138731439,,
2362,0,0.09,-0.114365415,,
581,0,0.1,-0.064605657,,
2534,0,0.1,-0.184198676,,
600499,0,0.1,-0.083661123,,
300059,0.48,0.11,0.180087918,,
933,0,0.11,-0.271943435,,
600256,0,0.11,0.095876911,,
603988,0,0.11,-0.239742178,,
2706,0,0.12,-0.081767686,,
300353,0,0.12,0.042646865,,
2603,0.18,0.13,-0.087691864,,
300166,0.16,0.14,0.070635889,,
300087,0,0.14,-0.034404593,,
300232,0,0.14,0.03625557,,
600195,0,0.14,0.095629946,,
603338,0.2,0.15,0.072812003,,
601818,0.11,0.15,0.023647008,,
990,0,0.15,-0.120906655,,
2411,0,0.15,0.022441832,,
300479,0,0.15,-0.241284635,,
300064,0,0.16,-0.177020949,,
600010,0,0.16,-0.153222598,,
300074,0.04,0.17,0.064371838,,
600987,0,0.17,-0.143442922,,
2517,0.48,0.18,-0.049481976,,
300144,0.08,0.18,0.018117754,,
2536,0,0.18,-0.088153864,,
603955,0.14,0.19,-0.119449978,,
600764,0,0.19,-0.196549329,,
300285,0.07,0.2,0.047254135,,
601000,0,0.2,-0.059124045,,
601228,0,0.2,-0.167718452,,
2370,0.06,0.21,0.13951885,,
2009,0,0.21,0.077202272,,
2281,0,0.21,0.143312273,,
2408,0,0.21,0.115380362,,
2775,0,0.21,-0.103577929,,
601668,0,0.21,-0.081037646,,
600535,0,0.22,0.069132211,,
600599,0,0.22,-0.161850909,,
601998,0,0.22,0.054120914,,
603035,0,0.22,-0.250090171,,
2121,0,0.23,-0.091068098,,
2145,0,0.23,-0.176303667,,
300222,0,0.23,-0.069334314,,
600230,1,0.24,-0.04175083,,
2275,0.1,0.24,-0.087994655,,
300036,0.08,0.24,-0.005139747,,
2803,0,0.24,0.106043531,,
600266,0,0.24,-0.180931282,,
601388,0,0.24,-0.215325082,,
2302,0,0.25,-0.194919192,,
300016,0,0.26,-0.053872992,,
300625,0,0.26,-0.191227277,,
601001,0,0.26,-0.093806144,,
600621,0.86,0.27,0.13123447,,
603239,0.27,0.27,-0.236803489,,
636,0,0.27,0.3433876,,
860,0,0.27,0.151492524,,
300097,0,0.28,-0.175611199,,
802,0,0.29,-0.237263229,,
823,0,0.29,-0.295168267,,
888,0,0.29,-0.123348715,,
2217,0,0.29,-0.043915367,,
2664,0,0.29,-0.089975727,,
300206,0,0.29,-0.17643721,,
600688,0,0.29,-0.051344289,,
2063,0,0.3,0.001475005,,
300070,0,0.3,-0.066648925,,
300181,0,0.3,0.000604681,,
600219,0,0.3,-0.125031754,,
300436,0,0.31,-0.227374106,,
300637,0,0.31,-0.046032685,,
600351,0,0.31,-0.055939865,,
600740,0,0.31,0.290348033,,
2340,0,0.32,-0.046414047,,
2413,0,0.32,-0.16182825,,
300053,0,0.32,0.015348345,,
600114,0,0.32,-0.09687242,,
761,0,0.33,-0.189673591,,
300227,0,0.33,-0.128295805,,
603038,0.09,0.34,-0.195108691,,
100,0,0.34,-0.119948261,,
2251,0,0.34,0.192480841,,
2589,0,0.34,-0.033267078,,
300098,0,0.34,-0.006062807,,
300355,0,0.34,-0.088434252,,
600742,0,0.34,-0.201043178,,
2836,0.17,0.35,-0.373511213,,
300253,0,0.35,0.348947138,,
300500,0,0.35,-0.091694657,,
601018,0,0.35,-0.119915798,,
615,0,0.36,-0.330203271,,
600179,0,0.36,0.072540207,,
600648,0,0.36,0.020352182,,
2821,0.07,0.37,0.113477352,,
300188,0.01,0.37,0.407927545,,
785,0,0.37,-0.103967154,,
2308,0,0.37,-0.24695212,,
2383,0.04,0.38,0.214029021,,
300065,0,0.38,-0.205398622,,
300315,0,0.38,-0.168696115,,
2085,0,0.39,-0.263345704,,
300223,0,0.39,0.029451719,,
300438,0,0.39,-0.171096738,,
590,0,0.4,-0.187140905,,
2221,0,0.4,0.026597429,,
2268,0,0.4,0.42601889,,
300311,0,0.4,-0.140460054,,
600513,0,0.4,-0.17183361,,
600522,0,0.4,-0.048132143,,
600717,0,0.4,-0.169204129,,
965,0,0.41,-0.20375569,,
300259,0,0.41,-0.073282281,,
2058,0,0.42,-0.176796409,,
300180,0,0.42,-0.05300251,,
600368,0,0.42,-0.131122755,,
600639,0,0.42,-0.127624178,,
600970,0,0.42,0.065860316,,
601169,0,0.42,-0.057379592,,
601633,0,0.42,-0.059544378,,
2055,0,0.43,-0.18047023,,
2258,0,0.43,0.518984776,,
300054,0,0.43,0.075802661,,
300585,0,0.43,-0.125301344,,
600162,0,0.43,-0.119618226,,
600761,0,0.43,-0.047972428,,
601098,0,0.43,-0.149789718,,
975,0,0.44,0.095448461,,
2759,0,0.44,-0.516266147,,
300488,0,0.44,-0.053311947,,
600661,0,0.44,0.284514584,,
603011,0,0.44,-0.177326924,,
603689,0,0.44,-0.197682838,,
300418,0.12,0.45,-0.046841209,,
967,0,0.45,-0.146882132,,
2392,0,0.45,-0.278403056,,
2002,0,0.46,-0.148238898,,
2662,0,0.46,-0.129159918,,
300263,0,0.46,-0.250540955,,
600297,0,0.46,-0.103420034,,
300588,0.02,0.47,-0.210382665,,
300030,0,0.47,-0.248360403,,
600429,0,0.47,-0.100979173,,
600435,0,0.47,-0.242943783,,
603568,0,0.47,0.043254723,,
603885,0,0.47,0.067945958,,
759,0,0.48,-0.12164379,,
926,0,0.48,-0.187864242,,
600586,0,0.48,-0.186268409,,
46,0,0.49,-0.122377041,,
2454,0,0.49,-0.114242072,,
977,0,0.5,0.154790026,,
2039,0,0.5,-0.067638778,,
2203,0,0.5,0.00756028,,
2321,0,0.5,-0.23321469,,
2460,0,0.5,-0.077656807,,
300339,0,0.5,-0.075535972,,
2690,0,0.51,0.050728869,,
300026,0,0.51,-0.077891661,,
2204,0,0.52,0.016738379,,
2774,0,0.52,-0.255214125,,
300204,0,0.52,-0.153450249,,
300288,0,0.52,-0.211649645,,
300450,0,0.52,-0.087651366,,
600212,0,0.52,-0.270249651,,
603556,0,0.52,-0.199646562,,
2174,0,0.53,-0.145666937,,
2463,0,0.53,-0.065030496,,
300177,0,0.53,-0.008485643,,
300566,0,0.53,-0.101812842,,
600068,0,0.53,-0.163755178,,
600279,0,0.53,-0.121856373,,
600317,0,0.53,-0.108216817,,
600984,0,0.53,-0.089174007,,
601669,0,0.53,-0.133978246,,
603678,0,0.53,-0.018590223,,
2083,0,0.54,-0.187571962,,
300324,0,0.54,0.047670337,,
600495,0,0.54,-0.231661886,,
601016,0,0.54,-0.146579033,,
601377,0,0.54,-0.146866128,,
937,0,0.55,-0.197339282,,
300620,0.34,0.56,-0.023746829,,
2079,0,0.56,-0.02599521,,
2627,0,0.56,-0.007729091,,
300367,0,0.56,-0.086977391,,
600675,0,0.56,-0.160954726,,
600789,0,0.56,0.212464312,,
601113,0,0.56,0.381966704,,
601212,0,0.56,-0.280796219,,
300012,0,0.57,-0.04143748,,
600177,0,0.57,-0.114181186,,
600882,0,0.57,-0.079341411,,
600988,0,0.57,-0.069110824,,
601997,0,0.57,-0.034369719,,
603888,0,0.57,-0.227413087,,
2424,0,0.58,-0.189929086,,
600060,0,0.58,0.038350281,,
600115,0,0.58,0.108032149,,
603889,0,0.58,-0.014048242,,
49,0,0.59,-0.341437854,,
2843,0,0.59,-0.277574716,,
600199,0,0.59,-0.181133259,,
603898,0,0.59,-0.046133619,,
600558,0,0.6,-0.14323548,,
913,0,0.61,-0.03385444,,
300101,0,0.61,0.090265813,,
300435,0,0.61,-0.128785092,,
601579,0,0.61,-0.093043748,,
601899,0,0.61,0.178325782,,
876,0,0.62,-0.008664909,,
300471,0,0.62,-0.402279,,
600705,0,0.62,-0.084133495,,
559,0,0.63,-0.18056203,,
981,0,0.63,-0.051864623,,
600419,0,0.63,-0.161684214,,
600939,0,0.63,-0.273137835,,
603717,0,0.63,-0.241541966,,
59,0,0.64,-0.177418471,,
797,0,0.64,-0.182946152,,
2185,0,0.64,-0.023510185,,
300079,0,0.64,-0.240412504,,
591,0,0.65,-0.133572825,,
2444,0,0.65,-0.21282778,,
811,0,0.66,-0.270761692,,
2448,0,0.66,-0.120191225,,
2661,0,0.66,-0.039581592,,
300326,0,0.66,0.047943207,,
600520,0,0.66,0.16502562,,
600583,0,0.66,0.017553481,,
601015,0,0.66,-0.098951367,,
601107,0,0.66,-0.136730372,,
601689,0,0.66,-0.268141478,,
601800,0,0.66,-0.140470977,,
603788,0,0.66,-0.019216939,,
603991,0,0.66,-0.278966966,,
723,0,0.67,-0.215124865,,
2004,0,0.67,-0.204230463,,
2716,0,0.67,0.012869941,,
600035,0,0.67,-0.216540495,,
600075,0,0.67,-0.205072181,,
600593,0,0.67,0.264125806,,
601200,0,0.67,-0.195431975,,
601880,0,0.67,-0.130884882,,
603308,0,0.67,-0.01817689,,
300595,0.84,0.68,0.123924451,,
852,0,0.68,-0.310429425,,
2214,0,0.68,-0.124566142,,
300024,0,0.68,-0.073176468,,
300230,0,0.68,-0.201856105,,
600774,0,0.68,-0.067766439,,
752,0,0.69,-0.009586338,,
601198,0,0.69,-0.196244885,,
603199,0,0.69,-0.215418833,,
2686,0,0.7,-0.162805666,,
300576,0,0.7,-0.209193398,,
600405,0,0.7,-0.231200152,,
26,0,0.71,-0.092651463,,
878,0,0.71,-0.158513458,,
2111,0,0.71,-0.251661395,,
2414,0,0.71,-0.15216809,,
300583,0,0.71,-0.131746046,,
600159,0,0.71,-0.220768843,,
600251,0,0.71,-0.108112707,,
601117,0,0.71,0.043311197,,
601518,0,0.71,-0.101581916,,
603165,0,0.71,-0.260585904,,
668,0,0.72,-0.188313491,,
739,0,0.72,-0.104779601,,
2067,0,0.72,-0.12568444,,
2468,0,0.72,-0.074276331,,
2705,0,0.72,-0.184804423,,
423,0,0.73,-0.056369177,,
2287,0,0.73,-0.191995184,,
2403,0,0.73,-0.133683405,,
300289,0,0.73,-0.257744161,,
600285,0,0.73,-0.151756048,,
603416,0,0.73,-0.12966994,,
828,0,0.74,-0.146721376,,
2349,0,0.74,-0.135378992,,
2583,0,0.74,-0.259172373,,
2857,0,0.74,-0.220920606,,
300046,0,0.74,0.005252895,,
300485,0,0.74,-0.005730615,,
300632,0,0.74,-0.165627537,,
603708,0,0.74,0.292125089,,
2157,0,0.75,-0.083804677,,
2335,0,0.75,-0.232790883,,
300037,0,0.75,-0.125790042,,
300257,0,0.75,-0.110463515,,
600691,0,0.75,0.03214763,,
600958,0,0.75,-0.169145048,,
417,0,0.76,-0.132476216,,
2644,0,0.76,0.113347907,,
300261,0,0.76,-0.132150435,,
600616,0,0.76,-0.251730649,,
600704,0,0.76,-0.118335873,,
600879,0,0.76,-0.105435677,,
848,0,0.77,0.022165017,,
2368,0,0.77,-0.050895428,,
2653,0,0.77,-0.055135948,,
300195,0,0.77,-0.064264718,,
300403,0,0.77,-0.211437452,,
600723,0,0.77,-0.118942528,,
78,0,0.78,-0.050449341,,
2390,0,0.78,0.028223727,,
2431,0,0.78,-0.245390905,,
300210,0,0.78,-0.307678171,,
300527,0,0.78,0.229629311,,
603601,0,0.78,-0.089210738,,
571,0,0.79,-0.266272827,,
2369,0,0.79,0.023479192,,
2565,0,0.79,-0.128849547,,
300112,0,0.79,-0.125861201,,
600640,0,0.79,-0.220200974,,
600926,0,0.79,-0.159806272,,
603919,0,0.79,-0.151882493,,
600642,0,0.8,-0.046432281,,
600795,0,0.8,-0.136803749,,
533,0,0.81,-0.34277206,,
2567,0,0.81,-0.254356345,,
300592,0,0.81,-0.26737502,,
600330,0,0.81,-0.067848397,,
600728,0,0.81,-0.111588358,,
600790,0,0.81,-0.131819196,,
600851,0,0.81,0.063084777,,
601333,0,0.81,-0.038514461,,
601788,0,0.81,-0.142804853,,
603806,0,0.81,0.048729221,,
2152,0,0.82,-0.048133128,,
2246,0,0.82,-0.300123143,,
300150,0,0.82,-0.210967,,
300503,0,0.82,-0.233110456,,
600335,0,0.82,-0.167223339,,
902,0,0.83,0.010896225,,
2510,0,0.83,-0.235946305,,
300041,0,0.83,-0.148889608,,
600023,0,0.83,0.014320544,,
601137,0,0.83,-0.111170827,,
603811,0,0.83,-0.145658709,,
716,0,0.84,-0.218758819,,
600386,0,0.84,-0.224695426,,
600439,0,0.84,0.015423593,,
2013,0,0.85,-0.011242102,,
2847,0,0.85,-0.123367422,,
300017,0,0.85,0.179218146,,
300382,0,0.85,-0.08765137,,
300529,0,0.85,0.135963968,,
600303,0,0.85,-0.24758173,,
600667,0,0.85,0.112520709,,
601038,0,0.85,-0.191171723,,
603686,0,0.85,-0.228694329,,
2305,0,0.86,-0.21955717,,
2528,0,0.86,-0.169605402,,
300133,0,0.86,0.032811316,,
601168,0,0.86,-0.131912512,,
600123,0.23,0.87,-0.095454372,,
690,0,0.87,0.105808519,,
2115,0,0.87,-0.1254352,,
2253,0,0.87,-0.234550987,,
300423,0,0.87,0.041665044,,
600080,0,0.87,-0.141122935,,
600749,0,0.87,-0.236425389,,
603669,0,0.87,-0.132436842,,
708,0,0.88,-0.157441615,,
856,0,0.88,-0.27914746,,
2717,0,0.88,-0.009283532,,
300042,0,0.88,-0.273686697,,
300061,0,0.88,-0.097227289,,
300069,0,0.88,-0.24578407,,
600163,0,0.88,-0.104995855,,
603608,0,0.88,-0.162492705,,
603766,0,0.88,-0.136755121,,
2300,0,0.89,-0.251338663,,
300115,0,0.89,-0.439607269,,
600192,0,0.89,-0.272278907,,
600259,0,0.89,-0.257727659,,
300051,0,0.9,-0.0321677,,
300096,0,0.9,-0.202338601,,
300119,0,0.9,-0.144501587,,
300369,0,0.9,0.149441004,,
300635,0,0.9,-0.185326872,,
600712,0,0.9,-0.140774705,,
600824,0,0.9,-0.203180104,,
601229,0,0.9,-0.14920404,,
2227,0,0.91,-0.16595818,,
2350,0,0.91,-0.317613183,,
2489,0,0.91,-0.280858149,,
2678,0,0.91,-0.125271687,,
300269,0,0.91,-0.375489376,,
300495,0,0.91,0.005409823,,
600892,0,0.91,-0.088188369,,
413,0,0.92,-0.239633347,,
2703,0,0.92,-0.376008585,,
300605,0,0.92,-0.139644773,,
600109,0,0.92,-0.225069433,,
600452,0,0.92,-0.196767599,,
603133,0,0.92,-0.22485455,,
719,0,0.93,-0.191540478,,
831,0,0.93,-0.199735267,,
2391,0,0.93,-0.056333345,,
2749,0,0.93,-0.036229357,,
300582,0,0.93,-0.197825763,,
600718,0,0.93,-0.140635584,,
600,0,0.94,-0.351648553,,
735,0,0.94,0.336413541,,
2587,0,0.94,-0.106603787,,
2711,0,0.94,-0.170819264,,
300480,0,0.94,-0.092600994,,
600496,0,0.94,-0.24406918,,
300375,0,0.95,-0.154038485,,
300456,0,0.95,-0.026962102,,
300472,0,0.95,-0.001833408,,
601058,0,0.95,-0.123105317,,
601928,0,0.95,-0.187258966,,
603718,0,0.95,-0.092658888,,
2237,0,0.96,-0.04490583,,
2521,0,0.96,-0.142386158,,
2615,0,0.96,-0.213601709,,
2742,0,0.96,0.202019096,,
2747,0,0.96,-0.070946048,,
300425,0,0.96,-0.122534583,,
600420,0,0.96,-0.213195432,,
603393,0,0.96,-0.056993143,,
603908,0,0.96,-0.258114669,,
2389,0,0.97,-0.26955617,,
2418,0,0.97,0.019112027,,
2670,0,0.97,-0.076616039,,
300113,0,0.97,0.058116313,,
603968,0,0.97,-0.167925132,,
407,0,0.98,-0.214981279,,
2831,0,0.98,-0.215010289,,
300001,0,0.98,-0.17672508,,
300484,0,0.98,-0.35299063,,
603077,0,0.98,-0.111441772,,
2136,0,0.99,-0.174842944,,
2201,0,0.99,-0.038943517,,
2337,0,0.99,-0.16599509,,
2658,0,0.99,-0.242624403,,
300245,0,0.99,-0.041964794,,
300358,0,0.99,-0.176851432,,
600057,0,0.99,-0.148486317,,
600360,0,0.99,-0.040345625,,
589,1,1,-0.232913194,,
710,1,1,-0.169418391,,
767,1,1,-0.182074163,,
868,1,1,0.086732012,,
875,1,1,-0.306862076,,
893,1,1,-0.284002462,,
962,1,1,-0.286908371,,
2420,1,1,-0.288253733,,
2291,0.91,1,-0.319424959,,
691,0.79,1,-0.086856268,,
600355,0.76,1,-0.266258925,,
600130,0.75,1,0.05446363,,
2760,0.74,1,-0.119739421,,
300404,0.69,1,-0.090435358,,
670,0.61,1,-0.033763223,,
300312,0.55,1,-0.074093784,,
600156,0.45,1,-0.313467705,,
2660,0.39,1,-0.022004583,,
300220,0.32,1,-0.208835113,,
600726,0.29,1,-0.295804705,,
300264,0.25,1,-0.154349629,,
300157,0.13,1,-0.272594426,,
600313,0.12,1,-0.185051499,,
600744,0.07,1,-0.296804231,,
5,0,1,-0.205394818,,
10,0,1,-0.155961164,,
17,0,1,-0.270085244,,
20,0,1,-0.184857472,,
23,0,1,-0.277707705,,
37,0,1,-0.243386374,,
42,0,1,-0.062226974,,
55,0,1,-0.054998612,,
58,0,1,-0.16024105,,
61,0,1,-0.200278537,,
62,0,1,-0.176078315,,
68,0,1,-0.294912828,,
70,0,1,-0.1560144,,
151,0,1,-0.180281365,,
158,0,1,-0.226594484,,
401,0,1,-0.221349427,,
421,0,1,-0.206573151,,
422,0,1,-0.448179301,,
428,0,1,-0.207393013,,
517,0,1,-0.029876651,,
521,0,1,-0.241467595,,
524,0,1,-0.177280736,,
529,0,1,-0.214161174,,
530,0,1,-0.281737229,,
532,0,1,-0.086737636,,
536,0,1,-0.256742098,,
548,0,1,-0.200772418,,
550,0,1,-0.133328186,,
552,0,1,-0.082181999,,
554,0,1,-0.204384833,,
565,0,1,-0.291000253,,
567,0,1,-0.098783386,,
572,0,1,-0.204029296,,
573,0,1,-0.202728389,,
612,0,1,-0.255208829,,
617,0,1,-0.174618615,,
619,0,1,-0.213925433,,
622,0,1,-0.247023948,,
627,0,1,-0.167613429,,
628,0,1,-0.148555843,,
630,0,1,-0.099546659,,
637,0,1,-0.202989765,,
639,0,1,-0.197616551,,
665,0,1,-0.122085644,,
677,0,1,-0.229141179,,
683,0,1,-0.084528622,,
685,0,1,-0.092339445,,
686,0,1,-0.203451522,,
687,0,1,-0.226226652,,
700,0,1,-0.304925206,,
702,0,1,-0.243781773,,
712,0,1,-0.221880434,,
715,0,1,-0.177194327,,
721,0,1,-0.301657345,,
722,0,1,-0.266812192,,
727,0,1,-0.158934114,,
728,0,1,-0.276714108,,
733,0,1,-0.146328878,,
738,0,1,-0.211826721,,
751,0,1,-0.169762371,,
753,0,1,-0.222035348,,
777,0,1,-0.188943682,,
782,0,1,-0.265315036,,
783,0,1,-0.224722478,,
798,0,1,-0.106261782,,
809,0,1,-0.136374652,,
810,0,1,-0.283186402,,
815,0,1,-0.077829266,,
819,0,1,-0.310680896,,
822,0,1,-0.187260169,,
829,0,1,-0.153531174,,
833,0,1,-0.207772917,,
837,0,1,-0.235385775,,
850,0,1,-0.17293813,,
861,0,1,-0.202252047,,
863,0,1,-0.282797379,,
880,0,1,-0.148976643,,
882,0,1,-0.128400836,,
887,0,1,-0.125633933,,
897,0,1,-0.243964292,,
901,0,1,-0.26456613,,
909,0,1,-0.207894423,,
917,0,1,-0.282597715,,
919,0,1,-0.177884896,,
922,0,1,-0.079996914,,
925,0,1,-0.266722399,,
927,0,1,-0.196606829,,
928,0,1,-0.300178624,,
929,0,1,-0.287758005,,
936,0,1,0.017179166,,
948,0,1,-0.078518223,,
959,0,1,-0.27095595,,
961,0,1,0.163875721,,
969,0,1,-0.191610869,,
971,0,1,-0.29892556,,
972,0,1,-0.070522208,,
978,0,1,-0.18295109,,
980,0,1,-0.168653267,,
987,0,1,-0.166058579,,
2014,0,1,-0.060857176,,
2017,0,1,-0.252155656,,
2018,0,1,-0.32197037,,
2034,0,1,-0.022742925,,
2036,0,1,-0.155466117,,
2040,0,1,-0.278240526,,
2041,0,1,-0.17573034,,
2046,0,1,-0.158470844,,
2057,0,1,-0.190904594,,
2062,0,1,-0.182987337,,
2064,0,1,-0.067258955,,
2066,0,1,-0.291187241,,
2086,0,1,-0.126064116,,
2089,0,1,-0.134425047,,
2095,0,1,0.180079184,,
2099,0,1,-0.193149645,,
2104,0,1,-0.166015452,,
2105,0,1,-0.270291611,,
2114,0,1,-0.215761883,,
2117,0,1,-0.248090677,,
2123,0,1,-0.060899015,,
2125,0,1,-0.244703679,,
2131,0,1,-0.147326253,,
2137,0,1,0.099984277,,
2140,0,1,-0.24121012,,
2149,0,1,-0.22973043,,
2150,0,1,-0.271641174,,
2154,0,1,-0.167728175,,
2159,0,1,-0.234074896,,
2164,0,1,-0.195481996,,
2165,0,1,-0.18977156,,
2169,0,1,-0.243341297,,
2173,0,1,-0.147193985,,
2175,0,1,-0.354811871,,
2176,0,1,-0.143170882,,
2183,0,1,-0.16329693,,
2184,0,1,-0.004450626,,
2187,0,1,-0.155032919,,
2190,0,1,-0.154504279,,
2192,0,1,-0.183706077,,
2197,0,1,-0.16352898,,
2200,0,1,-0.429141585,,
2206,0,1,-0.202631297,,
2207,0,1,-0.105448641,,
2211,0,1,-0.323145732,,
2213,0,1,-0.365116617,,
2216,0,1,-0.098241316,,
2220,0,1,-0.129227303,,
2225,0,1,-0.25121562,,
2235,0,1,0.0036366,,
2238,0,1,-0.203753997,,
2243,0,1,-0.242725075,,
2245,0,1,-0.026987334,,
2249,0,1,-0.146155866,,
2250,0,1,-0.242449387,,
2255,0,1,-0.144740883,,
2261,0,1,-0.282810799,,
2266,0,1,-0.133591359,,
2267,0,1,-0.100671882,,
2270,0,1,-0.137291855,,
2277,0,1,-0.209130128,,
2278,0,1,0.25412629,,
2282,0,1,-0.307918612,,
2283,0,1,-0.200481644,,
2284,0,1,-0.275502493,,
2286,0,1,-0.110921207,,
2288,0,1,-0.222652426,,
2290,0,1,-0.225879064,,
2292,0,1,-0.168742341,,
2295,0,1,-0.275648577,,
2296,0,1,-0.269962126,,
2298,0,1,-0.200261342,,
2306,0,1,-0.045394447,,
2323,0,1,-0.277425283,,
2325,0,1,-0.251922255,,
2326,0,1,-0.32350963,,
2328,0,1,-0.186065364,,
2329,0,1,-0.291887544,,
2339,0,1,-0.248326903,,
2341,0,1,0.209380126,,
2342,0,1,-0.327248882,,
2348,0,1,-0.355776391,,
2351,0,1,-0.251145171,,
2355,0,1,-0.073413323,,
2364,0,1,-0.28023449,,
2367,0,1,-0.193026642,,
2374,0,1,-0.250369489,,
2377,0,1,-0.214550578,,
2386,0,1,-0.21870933,,
2387,0,1,-0.096723784,,
2388,0,1,-0.193147617,,
2394,0,1,-0.157867596,,
2400,0,1,-0.287375385,,
2401,0,1,-0.145953695,,
2417,0,1,-0.154299672,,
2425,0,1,-0.201781889,,
2429,0,1,-0.030656346,,
2434,0,1,-0.323312291,,
2435,0,1,-0.023658591,,
2441,0,1,-0.230197545,,
2443,0,1,-0.03299442,,
2452,0,1,-0.205446017,,
2458,0,1,-0.405195507,,
2462,0,1,-0.321301184,,
2469,0,1,-0.256122375,,
2474,0,1,-0.122235986,,
2478,0,1,-0.141508318,,
2480,0,1,-0.08840442,,
2481,0,1,-0.323978813,,
2482,0,1,-0.114172726,,
2484,0,1,-0.168109968,,
2485,0,1,0.009901287,,
2488,0,1,0.22693437,,
2495,0,1,-0.18694644,,
2500,0,1,-0.256908811,,
2506,0,1,0.0210265,,
2516,0,1,-0.04637037,,
2519,0,1,-0.145547608,,
2522,0,1,-0.277971289,,
2530,0,1,-0.21575739,,
2533,0,1,-0.213680489,,
2535,0,1,-0.184543793,,
2538,0,1,-0.131570419,,
2539,0,1,-0.257742731,,
2541,0,1,-0.18600762,,
2544,0,1,-0.248414638,,
2546,0,1,-0.219228393,,
2547,0,1,0.009090214,,
2549,0,1,-0.18579374,,
2552,0,1,-0.283448886,,
2554,0,1,-0.253077535,,
2558,0,1,-0.27222752,,
2560,0,1,-0.085675783,,
2561,0,1,-0.142784828,,
2564,0,1,-0.14651728,,
2574,0,1,-0.189864371,,
2577,0,1,-0.242296908,,
2578,0,1,-0.147417191,,
2579,0,1,-0.136975658,,
2582,0,1,-0.013264108,,
2585,0,1,-0.157339952,,
2588,0,1,-0.078572375,,
2598,0,1,-0.250345218,,
2605,0,1,-0.145889522,,
2611,0,1,-0.077954734,,
2612,0,1,-0.079621977,,
2613,0,1,-0.206739146,,
2623,0,1,-0.228531805,,
2629,0,1,-0.176609445,,
2632,0,1,-0.038213453,,
2634,0,1,-0.1737607,,
2637,0,1,-0.179921512,,
2639,0,1,-0.168852768,,
2641,0,1,-0.199473574,,
2642,0,1,-0.337499902,,
2652,0,1,-0.067538433,,
2655,0,1,0.112818756,,
2666,0,1,0.08365914,,
2667,0,1,-0.193905751,,
2673,0,1,-0.299769615,,
2674,0,1,-0.12554368,,
2679,0,1,0.057022589,,
2681,0,1,-0.214940249,,
2683,0,1,-0.041335333,,
2687,0,1,-0.096445885,,
2688,0,1,-0.159628587,,
2691,0,1,-0.085910773,,
2692,0,1,-0.15711503,,
2696,0,1,-0.01333559,,
2698,0,1,-0.045510728,,
2701,0,1,-0.113511551,,
2702,0,1,-0.257973742,,
2707,0,1,-0.043252036,,
2712,0,1,-0.080756282,,
2718,0,1,-0.164063836,,
2719,0,1,-0.074132245,,
2722,0,1,-0.288677491,,
2728,0,1,-0.102309021,,
2730,0,1,-0.228465971,,
2733,0,1,-0.21656609,,
2734,0,1,-0.08693459,,
2736,0,1,-0.189493352,,
2741,0,1,-0.014410071,,
2746,0,1,-0.261065968,,
2748,0,1,-0.311720927,,
2758,0,1,-0.244819562,,
2762,0,1,-0.241767484,,
2765,0,1,-0.166745184,,
2772,0,1,-0.195746535,,
2776,0,1,-0.212281395,,
2778,0,1,-0.202268975,,
2779,0,1,-0.168440267,,
2783,0,1,-0.213913171,,
2785,0,1,-0.340753693,,
2788,0,1,-0.140050434,,
2789,0,1,-0.205177805,,
2791,0,1,-0.20520288,,
2792,0,1,-0.174358383,,
2793,0,1,-0.204616148,,
2796,0,1,-0.274467819,,
2797,0,1,-0.182340309,,
2799,0,1,-0.022072671,,
2801,0,1,-0.183599104,,
2802,0,1,-0.276390289,,
2808,0,1,-0.252029503,,
2810,0,1,-0.16371837,,
2811,0,1,-0.312040724,,
2815,0,1,0.018181567,,
2816,0,1,-0.406914388,,
2820,0,1,-0.198386987,,
2825,0,1,-0.243799649,,
2827,0,1,-0.314080695,,
2828,0,1,-0.071300153,,
2829,0,1,-0.186559241,,
2830,0,1,-0.178579204,,
2846,0,1,-0.211298431,,
2848,0,1,-0.330447912,,
2849,0,1,-0.272307637,,
2858,0,1,-0.144808352,,
300007,0,1,-0.151337727,,
300010,0,1,0.008689273,,
300018,0,1,-0.193262378,,
300019,0,1,-0.04543884,,
300020,0,1,-0.123548793,,
300031,0,1,-0.211188745,,
300033,0,1,-0.095196758,,
300047,0,1,0.085112091,,
300057,0,1,-0.204191358,,
300063,0,1,-0.277136237,,
300066,0,1,-0.213000183,,
300068,0,1,-0.106976326,,
300077,0,1,-0.327427625,,
300080,0,1,-0.276000486,,
300081,0,1,-0.071384697,,
300084,0,1,-0.275299709,,
300093,0,1,-0.398307238,,
300095,0,1,-0.28288082,,
300103,0,1,-0.071428045,,
300106,0,1,-0.29280023,,
300107,0,1,0.531209848,,
300111,0,1,-0.174293905,,
300114,0,1,-0.167033681,,
300122,0,1,0.408546331,,
300123,0,1,-0.106575115,,
300125,0,1,-0.033192866,,
300131,0,1,-0.159881662,,
300132,0,1,0.039373967,,
300139,0,1,-0.259036104,,
300141,0,1,-0.235331103,,
300142,0,1,0.345005373,,
300148,0,1,-0.382001613,,
300154,0,1,-0.246539877,,
300155,0,1,-0.210749607,,
300161,0,1,-0.107270293,,
300165,0,1,-0.167469924,,
300167,0,1,-0.346143858,,
300171,0,1,-0.22744716,,
300175,0,1,-0.272420752,,
300178,0,1,0.00986277,,
300184,0,1,-0.131255946,,
300185,0,1,-0.151245496,,
300190,0,1,-0.207481537,,
300193,0,1,-0.137734757,,
300194,0,1,-0.168318376,,
300196,0,1,-0.168443309,,
300200,0,1,-0.247371585,,
300202,0,1,0.15144228,,
300208,0,1,-0.282699494,,
300211,0,1,-0.193902141,,
300214,0,1,-0.23990118,,
300215,0,1,-0.273785191,,
300224,0,1,-0.263736224,,
300226,0,1,0.610310846,,
300239,0,1,-0.142550455,,
300242,0,1,-0.23705121,,
300246,0,1,-0.252839757,,
300250,0,1,-0.123519645,,
300252,0,1,-0.271701566,,
300254,0,1,-0.248745191,,
300256,0,1,-0.21532053,,
300268,0,1,-0.462486633,,
300283,0,1,-0.247406709,,
300286,0,1,-0.156699639,,
300292,0,1,-0.151038729,,
300300,0,1,0.01046797,,
300304,0,1,-0.26590166,,
300305,0,1,-0.176140409,,
300307,0,1,-0.244871433,,
300310,0,1,-0.173299627,,
300318,0,1,-0.164591645,,
300321,0,1,-0.17055367,,
300322,0,1,-0.229486584,,
300332,0,1,-0.274440611,,
300334,0,1,-0.430598399,,
300343,0,1,-0.233941418,,
300344,0,1,-0.24053185,,
300348,0,1,0.087555337,,
300350,0,1,-0.318992097,,
300352,0,1,-0.095057196,,
300356,0,1,-0.240876045,,
300365,0,1,0.118468534,,
300368,0,1,-0.387260079,,
300374,0,1,-0.405044033,,
300380,0,1,-0.121715371,,
300381,0,1,-0.204665849,,
300386,0,1,-0.066758639,,
300387,0,1,-0.126303722,,
300389,0,1,0.103391741,,
300391,0,1,-0.235291641,,
300393,0,1,-0.189970561,,
300394,0,1,-0.217905743,,
300397,0,1,-0.317924855,,
300402,0,1,-0.338218571,,
300405,0,1,-0.250024851,,
300407,0,1,-0.271259949,,
300416,0,1,-0.039315109,,
300417,0,1,-0.169204692,,
300419,0,1,-0.273507456,,
300420,0,1,-0.182683304,,
300421,0,1,-0.293216603,,
300428,0,1,-0.173405575,,
300430,0,1,-0.112945918,,
300434,0,1,-0.099948596,,
300437,0,1,-0.097460955,,
300439,0,1,-0.016110065,,
300440,0,1,-0.326011863,,
300446,0,1,-0.249484572,,
300451,0,1,0.072664087,,
300452,0,1,-0.101766535,,
300453,0,1,-0.317267588,,
300460,0,1,-0.204889749,,
300469,0,1,-0.140831555,,
300473,0,1,-0.110299237,,
300478,0,1,-0.18175781,,
300487,0,1,0.688455271,,
300489,0,1,-0.247229308,,
300491,0,1,-0.42846943,,
300493,0,1,-0.074863055,,
300496,0,1,-0.067696672,,
300505,0,1,-0.285487603,,
300506,0,1,-0.149124173,,
300510,0,1,-0.074070443,,
300512,0,1,-0.108877574,,
300515,0,1,-0.237631003,,
300516,0,1,-0.268149176,,
300517,0,1,-0.198277333,,
300521,0,1,-0.299751833,,
300531,0,1,-0.151107489,,
300532,0,1,0.073364847,,
300533,0,1,-0.356601709,,
300534,0,1,-0.351372045,,
300537,0,1,-0.141531696,,
300538,0,1,-0.169859606,,
300539,0,1,-0.225776313,,
300540,0,1,-0.22609994,,
300543,0,1,-0.297487395,,
300545,0,1,-0.094182554,,
300549,0,1,-0.305782066,,
300550,0,1,-0.032067723,,
300551,0,1,-0.251465855,,
300552,0,1,-0.188398559,,
300559,0,1,0.221855099,,
300560,0,1,-0.332564553,,
300561,0,1,-0.04634999,,
300565,0,1,-0.098097928,,
300573,0,1,-0.268738791,,
300597,0,1,-0.005791512,,
300610,0,1,-0.216569382,,
300611,0,1,-0.274210817,,
300623,0,1,-0.092128367,,
300628,0,1,-0.099788856,,
600021,0,1,-0.252284492,,
600027,0,1,-0.161201854,,
600050,0,1,-0.233754889,,
600061,0,1,-0.198911196,,
600069,0,1,-0.156516107,,
600072,0,1,-0.276188678,,
600073,0,1,-0.199628716,,
600078,0,1,-0.253966151,,
600079,0,1,-0.151513497,,
600082,0,1,-0.094286744,,
600083,0,1,0.144499415,,
600090,0,1,-0.125534893,,
600091,0,1,-0.310701999,,
600094,0,1,-0.07622095,,
600096,0,1,-0.144147604,,
600097,0,1,-0.185068229,,
600103,0,1,-0.204424944,,
600108,0,1,-0.165098304,,
600113,0,1,-0.209809545,,
600117,0,1,-0.270083054,,
600119,0,1,-0.212527656,,
600120,0,1,-0.182465876,,
600122,0,1,-0.146087527,,
600135,0,1,-0.330065485,,
600137,0,1,-0.468575391,,
600155,0,1,-0.268212857,,
600158,0,1,-0.183269642,,
600191,0,1,-0.423172063,,
600193,0,1,-0.444897508,,
600200,0,1,-0.236115823,,
600202,0,1,-0.357859385,,
600210,0,1,-0.236096924,,
600213,0,1,-0.135911358,,
600218,0,1,-0.276465367,,
600225,0,1,-0.229440793,,
600228,0,1,-0.081921635,,
600229,0,1,-0.08016018,,
600234,0,1,-0.203407916,,
600262,0,1,-0.115582314,,
600268,0,1,-0.183769686,,
600272,0,1,-0.254716886,,
600275,0,1,-0.299131399,,
600278,0,1,-0.204400042,,
600280,0,1,0.033036924,,
600281,0,1,-0.247425099,,
600288,0,1,-0.233211371,,
600291,0,1,-0.307605882,,
600292,0,1,-0.267381386,,
600300,0,1,-0.205388546,,
600310,0,1,-0.162216067,,
600311,0,1,-0.166253218,,
600312,0,1,-0.282681734,,
600316,0,1,-0.253202142,,
600321,0,1,-0.274469054,,
600327,0,1,-0.134519447,,
600331,0,1,-0.215135358,,
600336,0,1,-0.218947135,,
600367,0,1,-0.170141204,,
600370,0,1,-0.205965342,,
600375,0,1,-0.251069865,,
600381,0,1,-0.155519449,,
600385,0,1,-0.16768246,,
600387,0,1,-0.204948607,,
600391,0,1,-0.29289471,,
600396,0,1,-0.265147913,,
600415,0,1,-0.22838234,,
600421,0,1,-0.474777748,,
600423,0,1,-0.097675152,,
600433,0,1,-0.233330537,,
600444,0,1,-0.169788531,,
600449,0,1,-0.075310226,,
600455,0,1,-0.170339381,,
600462,0,1,-0.181989553,,
600467,0,1,-0.17329378,,
600475,0,1,-0.290650773,,
600476,0,1,-0.28489914,,
600478,0,1,-0.299406157,,
600481,0,1,-0.18909707,,
600488,0,1,-0.128162895,,
600489,0,1,-0.131221311,,
600500,0,1,-0.239683959,,
600505,0,1,-0.245596393,,
600510,0,1,-0.140083036,,
600517,0,1,-0.253726496,,
600523,0,1,-0.189796162,,
600531,0,1,-0.165777029,,
600532,0,1,-0.306740699,,
600537,0,1,-0.135025897,,
600540,0,1,-0.180552694,,
600551,0,1,-0.190514292,,
600552,0,1,-0.170106998,,
600555,0,1,-0.122700774,,
600562,0,1,-0.135409732,,
600571,0,1,-0.240402103,,
600576,0,1,-0.328001012,,
600577,0,1,-0.035565167,,
600587,0,1,-0.146682499,,
600594,0,1,-0.231026316,,
600602,0,1,-0.04904048,,
600604,0,1,-0.194156129,,
600609,0,1,-0.166894261,,
600611,0,1,-0.106810684,,
600617,0,1,-0.190892243,,
600618,0,1,-0.138073079,,
600620,0,1,-0.310119442,,
600626,0,1,-0.289149326,,
600628,0,1,-0.18563115,,
600629,0,1,-0.264699584,,
600635,0,1,-0.132136688,,
600637,0,1,-0.15805244,,
600638,0,1,-0.147351281,,
600643,0,1,-0.177053278,,
600647,0,1,-0.294652644,,
600650,0,1,-0.197995768,,
600652,0,1,-0.280414762,,
600674,0,1,-0.050948326,,
600676,0,1,-0.197777417,,
600679,0,1,-0.297490813,,
600681,0,1,-0.146740742,,
600683,0,1,-0.181013169,,
600687,0,1,-0.15806797,,
600689,0,1,-0.220697803,,
600692,0,1,-0.278498296,,
600721,0,1,-0.279888472,,
600722,0,1,-0.307055795,,
600724,0,1,-0.246623009,,
600731,0,1,-0.149526933,,
600736,0,1,-0.097348376,,
600737,0,1,-0.184020876,,
600746,0,1,-0.301235307,,
600759,0,1,-0.24928429,,
600767,0,1,-0.187253792,,
600768,0,1,-0.190522279,,
600781,0,1,-0.134874915,,
600792,0,1,-0.238700383,,
600797,0,1,-0.131062525,,
600800,0,1,-0.282953974,,
600814,0,1,-0.235430268,,
600817,0,1,-0.318124695,,
600821,0,1,-0.263477075,,
600828,0,1,-0.068992778,,
600833,0,1,-0.253730972,,
600834,0,1,-0.221790758,,
600838,0,1,-0.250306195,,
600843,0,1,-0.228255523,,
600853,0,1,-0.185556454,,
600854,0,1,-0.260183163,,
600855,0,1,-0.28279848,,
600861,0,1,-0.250099709,,
600863,0,1,-0.117065411,,
600864,0,1,-0.243570079,,
600865,0,1,-0.248630575,,
600868,0,1,-0.079242477,,
600869,0,1,-0.208772637,,
600873,0,1,-0.169600702,,
600888,0,1,-0.141013083,,
600891,0,1,-0.212973876,,
600893,0,1,-0.130138674,,
600894,0,1,-0.242092903,,
600908,0,1,-0.252552195,,
600917,0,1,-0.074358712,,
600961,0,1,-0.187887779,,
600962,0,1,-0.243808406,,
600965,0,1,-0.154637563,,
600967,0,1,-0.049966668,,
600973,0,1,-0.167699639,,
600977,0,1,-0.043402564,,
600981,0,1,-0.223056264,,
600982,0,1,-0.184134869,,
600986,0,1,-0.122872808,,
600992,0,1,-0.304134706,,
600996,0,1,-0.190686541,,
600997,0,1,-0.161399025,,
601010,0,1,-0.119543426,,
601099,0,1,-0.2376247,,
601106,0,1,-0.088844335,,
601116,0,1,-0.200909526,,
601118,0,1,-0.079305627,,
601163,0,1,-0.256557353,,
601177,0,1,-0.117229495,,
601199,0,1,-0.19841177,,
601208,0,1,-0.200918047,,
601226,0,1,-0.209970599,,
601339,0,1,-0.079527414,,
601368,0,1,-0.158327984,,
601555,0,1,-0.257457371,,
601611,0,1,-0.169947789,,
601727,0,1,-0.215622431,,
601777,0,1,-0.223449886,,
601789,0,1,-0.195243923,,
601886,0,1,-0.147618873,,
601900,0,1,-0.123893612,,
601958,0,1,-0.141157274,,
601966,0,1,-0.088933727,,
603007,0,1,-0.204849062,,
603010,0,1,-0.139620445,,
603015,0,1,-0.205598156,,
603017,0,1,-0.192651127,,
603021,0,1,-0.166561213,,
603026,0,1,-0.296388897,,
603030,0,1,-0.080875019,,
603031,0,1,-0.236498655,,
603036,0,1,-0.315530725,,
603098,0,1,-0.221498334,,
603108,0,1,-0.112757659,,
603123,0,1,-0.158239987,,
603158,0,1,-0.081200665,,
603169,0,1,-0.297717118,,
603189,0,1,-0.183394637,,
603208,0,1,-0.265209087,,
603223,0,1,-0.221699534,,
603298,0,1,-0.249397672,,
603303,0,1,-0.299603121,,
603306,0,1,-0.18995411,,
603313,0,1,-0.213504213,,
603315,0,1,-0.225507702,,
603319,0,1,-0.210615488,,
603323,0,1,-0.237634949,,
603330,0,1,-0.245467336,,
603336,0,1,-0.057478086,,
603339,0,1,-0.180032862,,
603368,0,1,-0.09898548,,
603389,0,1,-0.278746973,,
603421,0,1,-0.241275356,,
603429,0,1,-0.057680169,,
603444,0,1,-0.280122005,,
603508,0,1,-0.25686524,,
603519,0,1,-0.204172098,,
603555,0,1,0.078299101,,
603569,0,1,-0.210249437,,
603577,0,1,-0.300595789,,
603586,0,1,-0.305812112,,
603600,0,1,-0.299732724,,
603633,0,1,-0.256681805,,
603637,0,1,-0.091013796,,
603663,0,1,-0.240498854,,
603667,0,1,-0.056579343,,
603701,0,1,-0.22324777,,
603703,0,1,-0.293984243,,
603716,0,1,0.025252593,,
603726,0,1,-0.231987418,,
603727,0,1,-0.285909603,,
603738,0,1,-0.12733395,,
603777,0,1,-0.255800972,,
603778,0,1,-0.349827217,,
603789,0,1,-0.160911872,,
603798,0,1,-0.313058136,,
603819,0,1,-0.314041105,,
603828,0,1,-0.220089552,,
603869,0,1,-0.185242803,,
603903,0,1,-0.219291625,,
603909,0,1,-0.081931775,,
603969,0,1,-0.242497207,,
603979,0,1,-0.218655277,,
603990,0,1,0.021912726,,
